{
  "$schema": "https://schema.management.azure.com/schemas/2019-04-01/deploymentTemplate.json#",
  "contentVersion": "1.0.0.0",
  "metadata": {
    "_generator": {
      "name": "bicep",
      "version": "0.28.1.47646",
      "templateHash": "15419825366750331419"
    }
  },
  "parameters": {
    "location": {
      "type": "string",
      "defaultValue": "[resourceGroup().location]"
    },
    "botName": {
      "type": "string"
    },
    "appServicePlanName": {
      "type": "string"
    },
    "cosmosDbAccountName": {
      "type": "string"
    },
    "cosmosDbDatabaseName": {
      "type": "string"
    },
    "cosmosDbContainerName": {
      "type": "string"
    },
    "cosmosDbThroughput": {
      "type": "int"
    },
    "microsoftAppId": {
      "type": "string"
    },
    "storageAccountName": {
      "type": "string"
    }
  },
  "resources": [
    {
      "type": "Microsoft.Web/serverfarms",
      "apiVersion": "2023-12-01",
      "name": "[parameters('appServicePlanName')]",
      "location": "[parameters('location')]",
      "sku": {
        "name": "B1",
        "tier": "Basic"
      },
      "kind": "app"
    },
    {
      "type": "Microsoft.Web/sites",
      "apiVersion": "2023-12-01",
      "name": "[parameters('botName')]",
      "location": "[parameters('location')]",
      "kind": "app",
      "properties": {
        "serverFarmId": "[resourceId('Microsoft.Web/serverfarms', parameters('appServicePlanName'))]",
        "siteConfig": {
          "appSettings": [
            {
              "name": "WEBSITE_NODE_DEFAULT_VERSION",
              "value": "~14"
            },
            {
              "name": "AzureWebJobsStorage",
              "value": "[format('DefaultEndpointsProtocol=https;AccountName={0};AccountKey={1};EndpointSuffix=core.windows.net', parameters('storageAccountName'), listKeys(resourceId('Microsoft.Storage/storageAccounts', parameters('storageAccountName')), '2023-05-01').keys[0].value)]"
            },
            {
              "name": "MicrosoftAppId",
              "value": "8838a7ca-7aaa-484d-b9b4-3dcee80c11f8"
            },
            {
              "name": "MicrosoftAppPassword",
              "value": "HRK8Q~YYjYON4PfuuIuCmozebOJj4ZyMbhEjAaBo"
            },
            {
              "name": "LuisAppId",
              "value": "yourLuisAppId"
            },
            {
              "name": "LuisAPIKey",
              "value": "yourLuisAPIKey"
            },
            {
              "name": "LuisAPIHostName",
              "value": "yourLuisAPIHostName"
            },
            {
              "name": "CosmosDbEndpoint",
              "value": "[reference(resourceId('Microsoft.DocumentDB/databaseAccounts', parameters('cosmosDbAccountName')), '2024-05-15').documentEndpoint]"
            },
            {
              "name": "CosmosDbKey",
              "value": "[listKeys(resourceId('Microsoft.DocumentDB/databaseAccounts', parameters('cosmosDbAccountName')), '2024-05-15').primaryMasterKey]"
            },
            {
              "name": "CosmosDbDatabaseId",
              "value": "[parameters('cosmosDbDatabaseName')]"
            },
            {
              "name": "CosmosDbContainerId",
              "value": "[parameters('cosmosDbContainerName')]"
            },
            {
              "name": "APPINSIGHTS_INSTRUMENTATIONKEY",
              "value": "[reference(resourceId('Microsoft.Insights/components', format('{0}-appinsights', parameters('botName'))), '2020-02-02').InstrumentationKey]"
            }
          ]
        }
      },
      "dependsOn": [
        "[resourceId('Microsoft.Insights/components', format('{0}-appinsights', parameters('botName')))]",
        "[resourceId('Microsoft.Web/serverfarms', parameters('appServicePlanName'))]",
        "[resourceId('Microsoft.DocumentDB/databaseAccounts', parameters('cosmosDbAccountName'))]",
        "[resourceId('Microsoft.Storage/storageAccounts', parameters('storageAccountName'))]"
      ]
    },
    {
      "type": "Microsoft.DocumentDB/databaseAccounts",
      "apiVersion": "2024-05-15",
      "name": "[parameters('cosmosDbAccountName')]",
      "location": "[parameters('location')]",
      "kind": "GlobalDocumentDB",
      "properties": {
        "databaseAccountOfferType": "Standard",
        "locations": [
          {
            "locationName": "[parameters('location')]",
            "failoverPriority": 0,
            "isZoneRedundant": false
          }
        ],
        "consistencyPolicy": {
          "defaultConsistencyLevel": "Session"
        },
        "createMode": "Default"
      }
    },
    {
      "type": "Microsoft.DocumentDB/databaseAccounts/sqlDatabases",
      "apiVersion": "2024-05-15",
      "name": "[format('{0}/{1}', parameters('cosmosDbAccountName'), parameters('cosmosDbDatabaseName'))]",
      "properties": {
        "resource": {
          "id": "[parameters('cosmosDbDatabaseName')]"
        }
      },
      "dependsOn": [
        "[resourceId('Microsoft.DocumentDB/databaseAccounts', parameters('cosmosDbAccountName'))]"
      ]
    },
    {
      "type": "Microsoft.DocumentDB/databaseAccounts/sqlDatabases/containers",
      "apiVersion": "2024-05-15",
      "name": "[format('{0}/{1}/{2}', parameters('cosmosDbAccountName'), parameters('cosmosDbDatabaseName'), parameters('cosmosDbContainerName'))]",
      "properties": {
        "resource": {
          "id": "[parameters('cosmosDbContainerName')]",
          "partitionKey": {
            "paths": [
              "/category"
            ],
            "kind": "Hash"
          }
        },
        "options": {
          "throughput": "[parameters('cosmosDbThroughput')]"
        }
      },
      "dependsOn": [
        "[resourceId('Microsoft.DocumentDB/databaseAccounts/sqlDatabases', parameters('cosmosDbAccountName'), parameters('cosmosDbDatabaseName'))]"
      ]
    },
    {
      "type": "Microsoft.Storage/storageAccounts",
      "apiVersion": "2023-05-01",
      "name": "[parameters('storageAccountName')]",
      "location": "[parameters('location')]",
      "sku": {
        "name": "Standard_LRS"
      },
      "kind": "StorageV2",
      "properties": {
        "accessTier": "Hot"
      }
    },
    {
      "type": "Microsoft.Insights/components",
      "apiVersion": "2020-02-02",
      "name": "[format('{0}-appinsights', parameters('botName'))]",
      "location": "[parameters('location')]",
      "kind": "web",
      "properties": {
        "Application_Type": "web"
      }
    },
    {
      "type": "Microsoft.BotService/botServices",
      "apiVersion": "2023-09-15-preview",
      "name": "[parameters('botName')]",
      "location": "global",
      "sku": {
        "name": "F0"
      },
      "properties": {
        "displayName": "[parameters('botName')]",
        "description": "A bot service for answering technical questions",
        "endpoint": "[format('{0}/api/messages', reference(resourceId('Microsoft.Web/sites', parameters('botName')), '2023-12-01').defaultHostName)]",
        "msaAppId": "[parameters('microsoftAppId')]",
        "developerAppInsightKey": "[reference(resourceId('Microsoft.Insights/components', format('{0}-appinsights', parameters('botName'))), '2020-02-02').InstrumentationKey]",
        "developerAppInsightsApiKey": "[listKeys(resourceId('Microsoft.Insights/components', format('{0}-appinsights', parameters('botName'))), '2020-02-02').keys[0].value]",
        "developerAppInsightsApplicationId": "[reference(resourceId('Microsoft.Insights/components', format('{0}-appinsights', parameters('botName'))), '2020-02-02').AppId]",
        "isCmekEnabled": false
      },
      "dependsOn": [
        "[resourceId('Microsoft.Insights/components', format('{0}-appinsights', parameters('botName')))]",
        "[resourceId('Microsoft.Web/sites', parameters('botName'))]"
      ]
    },
    {
      "type": "Microsoft.BotService/botServices/channels",
      "apiVersion": "2023-09-15-preview",
      "name": "[format('{0}/{1}', parameters('botName'), 'SlackChannel')]",
      "properties": {
        "channelName": "SlackChannel",
        "properties": {
          "clientId": "858072937409.7378481505317",
          "clientSecret": "ff49c81b1dbb613ae11ba48a87421b5b",
          "verificationToken": "0PJDP1CfGGcqyZLFN9Ehw0Pa",
          "signingSecret": "5e1ec8c3225a260797cf380c5d614f03",
          "isEnabled": true
        }
      },
      "dependsOn": [
        "[resourceId('Microsoft.BotService/botServices', parameters('botName'))]"
      ]
    }
  ]
}